trade_date,prev_trade_date,ts_code,industry,name,close,pct_chg,amount_x,limit_amount,float_mv,total_mv,turnover_ratio,fd_amount,first_time,last_time,open_times,up_stat,limit_times,limit,pre_close,price,amount_y,turnover_rate,auction_pct,auction_amount_yi,circ_mv_yi,prev_5d,prev_10d,high20,high60,prev_auction_pct,prev_auction_price,pct_rank,turn_rank,amt_rank,pct_pool_size,turn_pool_size,amt_pool_size,pct_rank_ratio,turn_rank_ratio,amt_rank_ratio,auction_new20,auction_new60,auction_price_ratio,daily_close,daily_open,daily_pct_chg,close_vs_auction_pct
20260417,20260416,000070.SZ,通信设备,特发信息,20.77,10.01,4271344480.0,,18457859756.04,18700160831.36,23.92,40730800.0,110221,143200,9,1/1,1,U,20.77,20.74,66958675.2,0.36329,-0.1444390948483476,0.6695867520000001,184.57859756,-0.5268199233716464,12.574525745257459,21.73,21.73,-1.4300847457627053,18.61,56.0,25.0,14.0,68,68,68,0.8235294117647058,0.36764705882352944,0.20588235294117646,False,False,1.1144545943041375,20.33,20.74,-2.1184,-1.9768563162970116
20260417,20260416,000546.SZ,环境治理,金圆股份,7.08,9.94,424915664.0,,4932672858.48,5505749652.48,8.88,64423744.0,100015,100015,0,1/1,1,U,7.08,6.96,20043408.0,0.413346,-1.6949152542372947,0.20043408,49.32672858,14.378029079159926,11.145996860282569,7.08,7.08,0.15527950310558758,6.45,65.0,18.0,35.0,68,68,68,0.9558823529411765,0.2647058823529412,0.5147058823529411,False,False,1.0790697674418603,6.83,6.96,-3.5311,-1.8678160919540214
20260417,20260416,000570.SZ,汽车零部件,苏常柴Ａ,6.74,9.95,387829440.0,,3745367497.18,4756367530.88,10.78,65309764.0,94012,94012,0,1/1,1,U,6.74,6.76,23874292.0,0.635549,0.29673590504450953,0.23874292,37.45367497,19.928825622775804,18.24561403508771,6.74,6.74,0.978792822185981,6.19,43.0,10.0,29.0,68,68,68,0.6323529411764706,0.14705882352941177,0.4264705882352941,True,True,1.0920840064620354,6.61,6.76,-1.9288,-2.218934911242596
20260417,20260416,000571.SZ,煤炭开采,新大洲A,5.69,10.06,146737513.0,,4631616187.0,4774644055.52,3.29,108713196.0,101806,101806,0,1/1,1,U,5.69,5.89,5372274.89,0.112053,3.5149384885764468,0.0537227489,46.31616187,1.7889087656529634,-1.043478260869557,7.01,7.95,0.5802707930367523,5.2,15.0,55.0,59.0,68,68,68,0.22058823529411764,0.8088235294117647,0.8676470588235294,False,False,1.1326923076923077,5.79,5.89,1.7575,-1.6977928692699433
20260417,20260416,000593.SZ,燃气Ⅱ,德龙汇能,18.33,10.02,486316960.0,,6570996487.77,6573706376.64,7.67,89174625.0,112306,112306,0,1/1,1,U,18.33,18.88,13144256.0,0.194207,3.000545553737055,0.13144256,65.70996488,8.59004739336493,16.751592356687883,19.02,19.02,1.6806722689075793,16.94,17.0,39.0,45.0,68,68,68,0.25,0.5735294117647058,0.6617647058823529,False,False,1.114521841794569,18.76,18.88,2.3459,-0.6355932203389696
20260417,20260416,000657.SZ,小金属,中钨高新,51.9,10.0,6131238144.0,,75406825249.8,118259568360.0,8.58,288351469.0,104651,105127,2,1/1,1,U,51.9,53.5,195489000.0,0.251493,3.0828516377649384,1.95489,754.0682525000001,5.595116988809767,6.200122774708405,53.46,71.5,0.9114031369224174,47.61,16.0,31.0,3.0,68,68,68,0.23529411764705882,0.45588235294117646,0.04411764705882353,True,False,1.1237135055660576,56.12,53.5,8.131,4.897196261682238
20260417,20260416,000762.SZ,能源金属,西藏矿业,37.11,9.99,2797356320.0,,19326910933.98,19327602293.28,14.91,63467859.0,134236,140018,9,1/1,1,U,37.11,37.85,41052904.85,0.20826,1.9940716787927748,0.4105290485,193.26910934,20.48701298701299,30.577058409570725,37.11,37.11,0.9484291641967957,34.06,24.0,37.0,21.0,68,68,68,0.35294117647058826,0.5441176470588235,0.3088235294117647,True,True,1.1112742219612448,36.84,37.85,-0.7276,-2.6684280052840106
20260417,20260416,000782.SZ,化学纤维,恒申新材,5.81,10.04,116745906.0,,3068491209.63,3989038538.24,3.89,86047256.0,93803,93803,0,1/1,1,U,5.81,5.86,6809320.0,0.220018,0.8605851979346157,0.0680932,30.6849121,6.998158379373853,6.41025641025641,5.81,6.8,0.7575757575757569,5.32,37.0,36.0,54.0,68,68,68,0.5441176470588235,0.5294117647058824,0.7941176470588235,True,False,1.1015037593984962,5.99,5.86,3.0981,2.2184300341296908
20260417,20260416,000815.SZ,IT服务Ⅱ,美利云,22.21,10.0,1689222896.0,,15441792007.35,15441792118.4,11.14,302714348.0,93506,93506,0,1/1,1,U,22.21,23.0,105192800.0,0.657823,3.556956325979277,1.051928,154.41792006999998,10.552513688402199,7.294685990338179,22.62,22.62,-0.049529470034681555,20.18,14.0,9.0,6.0,68,68,68,0.20588235294117646,0.1323529411764706,0.08823529411764706,True,True,1.1397423191278493,21.6,23.0,-2.7465,-6.086956521739125
20260417,20260416,000967.SZ,环保设备,盈峰环境,13.07,10.02,1976732224.0,,41372105155.17,41391964353.6,4.88,221475789.0,94030,94030,0,2/3,1,U,13.07,14.01,140810363.04,0.317515,7.192042846212687,1.4081036303999999,413.72105155,37.57894736842105,43.31140350877194,13.07,13.07,3.872053872053871,12.34,4.0,27.0,5.0,68,68,68,0.058823529411764705,0.39705882352941174,0.07352941176470588,True,True,1.1353322528363048,14.0,14.01,7.1155,-0.07137758743754309
20260417,20260416,001203.SZ,冶钢原料,大中矿业,46.39,10.01,876118528.0,,60584139519.58,71119601240.48,1.48,131500062.0,94645,94645,0,2/4,1,U,46.39,48.66,38626308.0,0.0607822,4.893295968958822,0.38626308,605.8413952,21.471589421314484,17.20565942395149,46.39,46.39,1.9919373962532516,43.01,9.0,63.0,22.0,68,68,68,0.1323529411764706,0.9264705882352942,0.3235294117647059,True,True,1.1313647988839803,46.52,48.66,0.2802,-4.397862720920661
20260417,20260416,001230.SZ,环境治理,劲旅环境,27.72,10.0,141368619.0,,2177579804.4,3717974300.04,6.69,97398100.0,100624,100624,0,1/1,1,U,27.72,28.02,3424044.0,0.155557,1.0822510822510845,0.03424044,21.77579804,10.438247011952173,8.196721311475397,27.72,28.2,-0.03968253968252844,25.19,34.0,44.0,64.0,68,68,68,0.5,0.6470588235294118,0.9411764705882353,True,False,1.112346169114728,27.99,28.02,0.974,-0.10706638115632097
20260417,20260416,001268.SZ,家电零部,联合精密,31.34,10.0,86245478.0,,1972330687.56,3382630687.56,4.45,19706592.0,93839,94218,3,1/1,1,U,31.34,31.9,3776960.0,0.188136,1.7868538608806661,0.0377696,19.72330688,6.998975759644943,5.699831365935926,33.66,39.39,0.6669006669006716,28.68,28.0,40.0,62.0,68,68,68,0.4117647058823529,0.5882352941176471,0.9117647058823529,False,False,1.112273361227336,33.0,31.9,5.2967,3.44827586206897
20260417,20260416,002008.SZ,自动化设,大族激光,86.67,10.0,4261162784.0,,82919270900.07,89235727371.36,5.26,72230951.0,111142,141557,14,1/1,1,U,86.67,88.4,97125080.0,0.11484,1.996077073958702,0.9712508,829.192709,13.501833420639088,35.21060842433699,86.67,86.67,-1.243812666582056,77.81,23.0,54.0,10.0,68,68,68,0.3382352941176471,0.7941176470588235,0.14705882352941177,True,True,1.1361007582572935,87.56,88.4,1.0269,-0.9502262443438951
20260417,20260416,002062.SZ,基础建设,宏润建设,8.05,9.97,211432496.0,,9053842728.0,9960030712.8,2.41,59417533.0,101703,101703,0,1/1,1,U,8.05,8.05,6961640.0,0.0768915,0.0,0.0696164,90.53842728000001,10.123119015047898,6.905710491367878,8.16,10.99,-0.1366120218579292,7.31,45.0,60.0,53.0,68,68,68,0.6617647058823529,0.8823529411764706,0.7794117647058824,False,False,1.101231190150479,8.48,8.05,5.3416,5.3416149068322945
20260417,20260416,002209.SZ,专用设备,达意隆,16.5,10.0,176343766.0,,2579163229.5,3283979325.0,7.11,50034583.0,133139,133139,0,1/1,1,U,16.5,16.48,4451248.0,0.172794,-0.12121212121212199,0.04451248,25.7916323,6.865284974093266,3.31872260488415,16.81,17.76,0.7333333333333192,15.11,55.0,42.0,61.0,68,68,68,0.8088235294117647,0.6176470588235294,0.8970588235294118,False,False,1.0906684315023165,16.68,16.48,1.0909,1.2135922330097044
20260417,20260416,002213.SZ,半导体,大为股份,38.34,10.01,1592370784.0,,7919398600.56,9105171832.8,21.0,83174796.0,95903,100724,2,2/3,1,U,38.34,39.06,47789910.0,0.59233,1.8779342723004744,0.4778991,79.19398601,17.932943709627835,30.897917377944715,38.34,38.34,0.11477761836442557,34.89,27.0,14.0,19.0,68,68,68,0.39705882352941174,0.20588235294117646,0.27941176470588236,True,True,1.119518486672399,37.73,39.06,-1.591,-3.4050179211469667
20260417,20260416,002237.SZ,贵金属,恒邦股份,16.51,9.99,935747408.0,,19685797692.08,23608811568.16,4.91,126874397.0,131830,131830,0,1/1,1,U,16.51,16.51,23485475.0,0.119302,0.0,0.23485475,196.85797692,9.048877146631451,8.905013192612143,16.51,23.56,1.59893404397069,15.25,45.0,53.0,30.0,68,68,68,0.6617647058823529,0.7794117647058824,0.4411764705882353,True,False,1.0826229508196723,16.82,16.51,1.8776,1.877649909145964
20260417,20260416,002263.SZ,塑料,大东南,5.17,10.0,1426137392.0,,9711044167.0,9711121696.32,14.8,72832995.0,93106,93551,2,1/1,1,U,5.17,5.26,99931662.9,1.01144,1.740812379110257,0.9993166290000001,97.11044167,16.179775280898866,20.232558139534884,5.18,5.18,0.0,4.7,30.0,3.0,8.0,68,68,68,0.4411764705882353,0.04411764705882353,0.11764705882352941,True,True,1.1191489361702127,4.98,5.26,-3.675,-5.323193916349798
20260417,20260416,002333.SZ,装修建材,罗普斯金,6.39,9.98,377858512.0,,4258995468.57,4312769472.0,9.22,9528065.0,135748,135748,0,1/1,1,U,6.39,6.19,5025042.0,0.121799,-3.1298904538341055,0.05025042,42.58995469,17.24770642201834,14.10714285714285,6.39,6.5,-0.1721170395869165,5.8,68.0,51.0,60.0,68,68,68,1.0,0.75,0.8823529411764706,False,False,1.067241379310345,5.93,6.19,-7.1987,-4.20032310177707
20260417,20260416,002421.SZ,IT服务Ⅱ,达实智能,2.9,9.85,355011568.0,,5819408264.5,6149686732.8,6.22,68398820.0,94421,94421,0,1/1,1,U,2.9,2.87,21997402.0,0.381952,-1.0344827586206806,0.21997402,58.19408265,5.8394160583941535,11.111111111111116,2.9,3.23,0.37878787878786735,2.65,61.0,23.0,33.0,68,68,68,0.8970588235294118,0.3382352941176471,0.4852941176470588,False,False,1.0830188679245283,2.87,2.87,-1.0345,0.0
20260417,20260416,002491.SZ,通信设备,通鼎互联,15.62,10.0,3897876528.0,,18376443765.02,19212514027.52,22.15,110471465.0,143027,143027,0,1/1,1,U,15.62,15.62,49815304.0,0.271082,0.0,0.49815304,183.76443765,-3.2218091697645668,30.6020066889632,16.66,16.66,-1.7605633802816878,13.95,45.0,29.0,17.0,68,68,68,0.6617647058823529,0.4264705882352941,0.25,False,False,1.1197132616487455,15.13,15.62,-3.137,-3.1370038412291836
20260417,20260416,002595.SZ,专用设备,豪迈科技,89.02,10.0,530158976.0,,70723542606.28,71216000000.0,0.77,187569145.0,130154,130154,0,1/1,1,U,89.02,91.49,8709848.0,0.0119829,2.774657380363954,0.08709848,707.23542606,10.037082818294184,10.570115513600786,89.66,101.5,2.5824786852835624,83.02,19.0,68.0,51.0,68,68,68,0.27941176470588236,1.0,0.75,True,False,1.1020236087689714,90.5,91.49,1.6625,-1.08208547382227
20260417,20260416,002613.SZ,玻璃玻纤,北玻股份,4.17,10.03,336346240.0,,3220309763.46,4589371428.96,10.67,85205889.0,100712,100712,0,1/1,1,U,4.17,4.13,7980812.0,0.250228,-0.959232613908878,0.07980812,32.203097629999995,12.398921832884092,10.026385224274414,4.17,4.28,0.5277044854881341,3.81,59.0,33.0,52.0,68,68,68,0.8676470588235294,0.4852941176470588,0.7647058823529411,False,False,1.083989501312336,4.07,4.13,-2.3981,-1.4527845036319518
20260417,20260416,002726.SZ,食品加工,龙大美食,3.62,10.03,158897958.0,,3903596914.18,3906561690.56,4.07,39182181.0,92500,92500,0,1/1,1,U,3.62,3.62,19523022.0,0.500129,0.0,0.19523022,39.03596914,16.774193548387096,10.030395136778125,3.91,4.36,10.030395136778125,3.62,45.0,16.0,36.0,68,68,68,0.6617647058823529,0.23529411764705882,0.5294117647058824,False,False,1.0,3.49,3.62,-3.5912,-3.5911602209944724
20260417,20260416,002757.SZ,专用设备,南兴股份,22.79,9.99,644482448.0,,6428008859.59,6733440416.8,10.32,76561272.0,103203,103203,0,1/1,1,U,22.79,22.79,18004100.0,0.280088,0.0,0.180041,64.2800886,12.598814229249022,10.73858114674442,22.79,27.51,0.7722007722007707,20.88,45.0,28.0,39.0,68,68,68,0.6617647058823529,0.4117647058823529,0.5735294117647058,True,False,1.0914750957854407,22.36,22.79,-1.8868,-1.8867924528301876
20260417,20260416,002771.SZ,IT服务Ⅱ,真视通,18.37,10.0,399113264.0,,3205834212.35,3853366517.0,12.59,67885416.0,93215,93333,2,1/1,1,U,18.37,20.21,35594660.4,1.00922,10.01633097441481,0.355946604,32.05834212,11.13127646702965,9.475566150178793,18.37,18.37,1.197604790419149,16.9,1.0,4.0,24.0,68,68,68,0.014705882352941176,0.058823529411764705,0.35294117647058826,True,True,1.1958579881656806,18.52,20.21,0.8165,-8.362196932211782
20260417,20260416,002802.SZ,化学制品,洪汇新材,14.87,9.99,171027798.0,,2225789288.09,2695126384.3,7.91,249544072.0,103742,103742,0,1/1,1,U,14.87,15.05,11921105.0,0.529184,1.210490921318108,0.11921105,22.25789288,13.165905631659047,13.946360153256698,14.87,14.87,0.0,13.52,32.0,15.0,48.0,68,68,68,0.47058823529411764,0.22058823529411764,0.7058823529411765,True,True,1.113165680473373,16.36,15.05,10.0202,8.704318936877067
20260417,20260416,002850.SZ,电池,科达利,205.59,10.0,1070774512.0,,40928605969.02,56691455657.76,2.68,222164254.0,95206,95206,0,1/1,1,U,205.59,202.11,48748932.0,0.121158,-1.6926893331387638,0.48748932,409.28605969,12.645882417401788,15.1377688172043,205.59,205.59,4.242910647405029,194.83,64.0,52.0,18.0,68,68,68,0.9411764705882353,0.7647058823529411,0.2647058823529412,False,False,1.0373659087409537,198.16,202.11,-3.614,-1.9543812775221499
20260417,20260416,002859.SZ,其他电子,洁美科技,46.33,10.0,723150160.0,,18805317719.44,19978725042.24,3.95,38203718.0,130024,135721,6,1/1,1,U,46.33,48.65,14925820.0,0.0755852,5.007554500323774,0.1492582,188.05317719,7.995337995338003,14.67821782178218,46.33,46.33,0.0,42.12,8.0,62.0,42.0,68,68,68,0.11764705882352941,0.9117647058823529,0.6176470588235294,True,True,1.1550332383665718,50.22,48.65,8.3963,3.227132579650566
20260417,20260416,002875.SZ,服装家纺,安奈儿,20.99,10.01,372881552.0,,3829343436.38,4471224143.28,9.96,24033550.0,103215,143651,25,1/1,1,U,20.99,21.41,10019880.0,0.256528,2.0009528346832006,0.1001988,38.29343436,10.999471179270227,9.37988535695673,20.99,20.99,-0.5241090146750449,18.98,22.0,30.0,49.0,68,68,68,0.3235294117647059,0.4411764705882353,0.7205882352941176,True,True,1.1280295047418334,22.06,21.41,5.0977,3.0359645025688864
20260417,20260416,002929.SZ,通信服务,润建股份,65.29,10.01,1766911872.0,,13747510910.47,18547784815.52,13.45,133272690.0,141418,141418,0,2/4,1,U,65.29,64.5,31153500.0,0.229387,-1.2099862153469254,0.311535,137.4751091,21.718866517524237,30.9991974317817,65.29,65.29,-0.5728727885425444,59.01,63.0,34.0,25.0,68,68,68,0.9264705882352942,0.5,0.36764705882352944,False,False,1.0930350788002035,61.34,64.5,-6.0499,-4.899224806201545
20260417,20260416,002940.SZ,化学制药,昂利康,35.6,10.01,672459648.0,,6595806625.2,7181523421.6,10.48,305554230.0,93906,93906,0,1/1,1,U,35.6,35.96,25024564.0,0.375603,1.011235955056189,0.25024564,65.95806625,14.029468289557979,2.064220183486243,38.0,38.0,-2.317676143386893,31.61,35.0,24.0,28.0,68,68,68,0.5147058823529411,0.35294117647058826,0.4117647058823529,False,False,1.1376146788990826,39.16,35.96,10.0,8.898776418242479
20260417,20260416,003041.SZ,服装家纺,真爱美家,57.97,10.0,292970064.0,,7931652498.0,8347680000.0,3.8,79627592.0,100903,100903,0,1/1,1,U,57.97,57.9,6177930.0,0.0779837,-0.12075211316198153,0.0617793,79.31652498,10.524308865586264,9.812464481909444,57.97,74.0,2.4667931688804545,54.0,54.0,59.0,57.0,68,68,68,0.7941176470588235,0.8676470588235294,0.8382352941176471,False,False,1.0722222222222222,57.78,57.9,-0.3278,-0.20725388601035827
20260417,20260416,600156.SH,纺织制造,华升股份,8.42,10.07,168723129.0,,3385772110.84,3385772127.68,5.12,62053404.0,103237,103237,0,1/1,1,U,8.42,8.98,17283806.0,0.478649,6.65083135391924,0.17283806,33.85772111,13.63022941970311,11.968085106382986,8.84,9.03,0.0,7.65,5.0,17.0,41.0,68,68,68,0.07352941176470588,0.25,0.6029411764705882,True,False,1.1738562091503268,9.26,8.98,9.9762,3.1180400890868527
20260417,20260416,600284.SH,基础建设,浦东建设,7.5,9.97,315370992.0,,7276920000.0,7276920000.0,4.54,79785750.0,141930,141930,0,1/1,1,U,7.5,7.3,12567680.0,0.177438,-2.6666666666666727,0.1256768,72.7692,6.534090909090917,3.5911602209944826,7.52,9.03,-0.14662756598241566,6.81,67.0,41.0,46.0,68,68,68,0.9852941176470589,0.6029411764705882,0.6764705882352942,False,False,1.0719530102790016,7.51,7.3,0.1333,2.876712328767123
20260417,20260416,600507.SH,特钢Ⅱ,方大特钢,6.05,10.0,547827760.0,,13994786734.5,13994786722.4,4.01,33365465.0,111054,132257,1,1/1,1,U,6.05,6.09,6638709.0,0.0471254,0.6611570247933907,0.06638709,139.94786735,10.401459854014593,4.671280276816603,6.34,7.39,0.727272727272732,5.54,38.0,66.0,55.0,68,68,68,0.5588235294117647,0.9705882352941176,0.8088235294117647,False,False,1.09927797833935,6.01,6.09,-0.6612,-1.3136288998357974
20260417,20260416,600549.SH,小金属,厦门钨业,61.88,10.01,5907601408.0,,96157310922.4,98239810789.12,6.38,85694022.0,130245,142033,11,1/1,1,U,61.88,62.17,97003851.0,0.10041,0.4686489980607611,0.97003851,961.57310922,5.977050864874123,10.499999999999998,61.88,81.56,0.0888888888888939,56.3,39.0,58.0,11.0,68,68,68,0.5735294117647058,0.8529411764705882,0.16176470588235295,True,False,1.1042628774422736,62.85,62.17,1.5676,1.0937751327006588
20260417,20260416,600666.SH,光学光电,奥瑞德,6.85,9.95,3772620032.0,,17140436242.1,18847414635.2,22.86,275153368.0,102014,102014,0,1/1,1,U,6.85,6.85,104686495.0,0.610757,0.0,1.04686495,171.40436241999998,4.4207317073170715,9.250398724082931,7.15,7.15,0.32102728731941976,6.25,45.0,13.0,7.0,68,68,68,0.6617647058823529,0.19117647058823528,0.10294117647058823,False,False,1.0959999999999999,7.09,6.85,3.5036,3.5036496350364996
20260417,20260416,600719.SH,电力,大连热电,7.33,10.06,224410585.0,,2965715068.0,2965715068.0,7.84,120217131.0,141555,141555,0,1/1,1,U,7.33,7.47,5987952.0,0.198122,1.9099590723055782,0.05987952,29.657150679999997,10.06006006006006,7.163742690058483,7.77,7.77,0.0,6.66,26.0,38.0,58.0,68,68,68,0.38235294117647056,0.5588235294117647,0.8529411764705882,False,False,1.1216216216216215,7.38,7.47,0.6821,-1.2048192771084318
20260417,20260416,600749.SH,旅游及景,西藏旅游,19.93,9.99,747696944.0,,4523422753.81,4523422753.81,17.22,73941296.0,130655,130655,0,1/1,1,U,19.93,20.0,30362000.0,0.668868,0.351229302558953,0.30362,45.23422754,25.741324921135657,22.26993865030673,19.93,19.93,-0.938189845474624,17.95,40.0,8.0,26.0,68,68,68,0.5882352941176471,0.11764705882352941,0.38235294117647056,True,True,1.1142061281337048,20.3,20.0,1.8565,1.5000000000000036
20260417,20260416,600768.SH,工业金属,宁波富邦,17.52,9.98,189692096.0,,2343250944.0,2343250944.0,8.19,111036328.0,93502,93502,0,1/1,1,U,17.52,17.58,9189066.0,0.390812,0.3424657534246478,0.09189066,23.43250944,4.597014925373122,0.28620492272466436,18.07,19.58,4.8336472065285685,16.7,41.0,21.0,50.0,68,68,68,0.6029411764705882,0.3088235294117647,0.7352941176470589,False,False,1.052694610778443,17.83,17.58,1.7694,1.4220705346985212
20260417,20260416,600847.SH,电池,万里股份,14.63,10.0,128263341.0,,2242594662.0,2242594662.0,5.86,13594196.0,135705,143144,5,1/1,1,U,14.63,14.48,2743960.0,0.123624,-1.025290498974707,0.0274396,22.42594662,14.207650273224036,13.4108527131783,15.36,15.6,0.8270676691729317,13.41,60.0,50.0,65.0,68,68,68,0.8823529411764706,0.7352941176470589,0.9558823529411765,False,False,1.0797912005965697,14.79,14.48,1.0936,2.1408839779005437
20260417,20260416,600875.SH,其他电源,东方电气,42.04,9.99,6264284160.0,,95151931653.8,145389467852.8,6.72,95581933.0,130319,134552,3,1/1,1,U,42.04,42.5,153790500.0,0.159877,1.0941960038058918,1.537905,951.51931654,9.736361263377692,9.822361546499469,42.04,45.38,1.7006802721088343,38.87,33.0,43.0,4.0,68,68,68,0.4852941176470588,0.6323529411764706,0.058823529411764705,True,False,1.0933882171340366,41.72,42.5,-0.7612,-1.8352941176470614
20260417,20260416,600961.SH,工业金属,株冶集团,20.08,10.03,527562320.0,,15096392951.84,21543283896.32,3.55,28511190.0,93659,93938,2,1/1,1,U,20.08,22.09,17731223.0,0.106766,10.009960159362553,0.17731223,150.96392952,11.24653739612187,13.190529875986478,20.08,27.48,1.6438356164383494,18.55,2.0,56.0,40.0,68,68,68,0.029411764705882353,0.8235294117647058,0.5882352941176471,True,False,1.1908355795148247,22.09,22.09,10.01,0.0
20260417,20260416,601778.SH,电力,晶科科技,6.66,10.08,4899617024.0,,23793447668.4,23793447695.04,20.97,31180801.0,105414,145111,10,2/3,1,U,6.66,7.0,332271800.0,1.32866,5.105105105105112,3.322718,237.93447668,31.10236220472442,33.734939759036145,6.66,6.66,3.3057851239669533,6.25,7.0,1.0,1.0,68,68,68,0.10294117647058823,0.014705882352941176,0.014705882352941176,True,True,1.12,6.91,7.0,3.7538,-1.2857142857142836
20260417,20260416,603032.SH,电池,德新科技,22.15,9.98,678961248.0,,5131336336.0,5165986910.0,13.68,52228858.0,144333,144333,0,1/1,1,U,22.15,22.04,6545880.0,0.128203,-0.4966139954853288,0.0654588,51.31336336,25.070581592320718,23.812185578535484,22.15,22.15,-0.6951340615690249,20.0,58.0,49.0,56.0,68,68,68,0.8529411764705882,0.7205882352941176,0.8235294117647058,False,False,1.1019999999999999,22.76,22.04,2.754,3.2667876588021887
20260417,20260416,603052.SH,消费电子,可川科技,75.77,10.0,474960224.0,,14236977057.14,14236977057.14,3.43,95195836.0,94216,94452,1,1/1,1,U,75.77,79.0,21069300.0,0.141939,4.262900884254983,0.210693,142.36977057000001,14.352550558406275,17.929961089494164,75.77,75.77,-0.11614401858304202,68.8,10.0,45.0,34.0,68,68,68,0.14705882352941177,0.6617647058823529,0.5,True,True,1.1482558139534884,83.35,79.0,10.004,5.506329113924044
20260417,20260416,603220.SH,通信服务,中贝通信,31.93,9.99,2713583248.0,,13865956092.82,17125557411.04,20.44,85915328.0,130409,135309,6,1/1,1,U,31.93,32.56,54877536.0,0.388114,1.9730660820544976,0.54877536,138.65956093,18.259259259259263,21.406844106463872,31.93,31.93,-1.033413709955222,28.73,25.0,22.0,15.0,68,68,68,0.36764705882352944,0.3235294117647059,0.22058823529411764,True,True,1.133310128785242,32.24,32.56,0.9709,-0.9828009828009836
20260417,20260416,603315.SH,环境治理,福鞍股份,16.84,9.99,530400192.0,,5394967885.76,5394968020.48,10.1,18219196.0,102544,111138,1,1/1,1,U,16.84,17.01,12048183.0,0.221091,1.009501187648465,0.12048183,53.94967886,10.935441370223975,18.84262526464362,16.84,17.95,-0.849118223383416,15.18,36.0,35.0,47.0,68,68,68,0.5294117647058824,0.5147058823529411,0.6911764705882353,True,False,1.1205533596837947,18.52,17.01,9.9762,8.87713109935331
20260417,20260416,603322.SH,通信服务,超讯通信,36.26,10.01,677820096.0,,5714097222.96,5714097222.96,12.1,134850940.0,95045,101524,1,1/1,1,U,36.26,36.8,22735040.0,0.392038,1.4892443463871974,0.2273504,57.14097223,15.147665925690701,15.661881977671444,36.26,42.3,0.27305825242718296,33.05,31.0,20.0,31.0,68,68,68,0.45588235294117646,0.29411764705882354,0.45588235294117646,True,False,1.113464447806354,38.09,36.8,5.0469,3.505434782608713
20260417,20260416,603826.SH,非金属材,坤彩科技,34.16,10.02,626314944.0,,22381632000.0,22381632000.0,2.84,29145312.0,94805,101859,3,1/1,1,U,34.16,35.5,13568100.0,0.0583333,3.9227166276346814,0.135681,223.81632000000002,28.954322385805952,19.27374301675977,34.16,34.16,1.6425120772946888,31.56,12.0,64.0,44.0,68,68,68,0.17647058823529413,0.9411764705882353,0.6470588235294118,True,True,1.1248415716096325,34.37,35.5,0.6148,-3.1830985915493026
20260417,20260416,603878.SH,普钢,武进不锈,8.27,9.97,187433651.0,,4640612359.91,4640612318.56,4.21,62045658.0,140105,140105,0,1/1,1,U,8.27,8.27,2524831.0,0.0544073,0.0,0.02524831,46.4061236,9.97340425531914,8.815789473684198,8.49,9.78,-0.13297872340425343,7.51,45.0,65.0,67.0,68,68,68,0.6617647058823529,0.9558823529411765,0.9852941176470589,False,False,1.1011984021304926,8.26,8.27,-0.1209,-0.12091898428052948
20260417,20260416,603897.SH,电网设备,长城科技,50.6,10.0,566692560.0,,10445645458.6,10445645458.6,5.48,56533760.0,93521,93857,4,2/4,1,U,50.6,52.0,13998400.0,0.130404,2.7667984189723382,0.139984,104.45645459,38.706140350877206,55.453149001536104,50.6,50.6,0.21739130434783593,46.1,20.0,46.0,43.0,68,68,68,0.29411764705882354,0.6764705882352942,0.6323529411764706,True,True,1.1279826464208242,51.67,52.0,2.1146,-0.6346153846153813
20260417,20260416,603906.SH,电池,龙蟠科技,25.05,10.01,585883408.0,,14155226520.15,17161226344.8,4.17,199871620.0,93047,93047,0,1/1,1,U,25.05,25.8,90895980.0,0.62347,2.9940119760478945,0.9089598,141.5522652,13.708579210167947,14.488117001828172,25.05,25.05,5.841018884497151,24.1,18.0,11.0,12.0,68,68,68,0.2647058823529412,0.16176470588235295,0.17647058823529413,True,True,1.070539419087137,25.99,25.8,3.7525,0.7364341085271229
20260417,20260416,603920.SH,元件,世运电路,58.86,10.0,794022640.0,,42414063778.62,42414063955.2,1.87,496064957.0,92503,92503,0,1/1,1,U,58.86,62.28,274935060.0,0.612621,5.810397553516822,2.7493506,424.14063778999997,3.118430273300632,13.827112744150071,58.86,72.68,9.998131190431693,58.86,6.0,12.0,2.0,68,68,68,0.08823529411764706,0.17647058823529413,0.029411764705882353,True,False,1.0581039755351682,59.1,62.28,0.4077,-5.1059730250481685
20260417,20260416,603933.SH,其他电子,睿能科技,24.95,10.01,521948864.0,,5178237146.25,5178237146.25,10.53,122966075.0,132800,132800,0,3/6,1,U,24.95,25.0,18300000.0,0.352695,0.20040080160321772,0.183,51.78237146,11.88340807174888,14.031078610603288,24.95,27.6,0.5291005291005346,22.8,44.0,26.0,38.0,68,68,68,0.6470588235294118,0.38235294117647056,0.5588235294117647,True,False,1.0964912280701753,24.5,25.0,-1.8036,-2.0
20260417,20260416,603985.SH,风电设备,恒润股份,24.54,10.0,1366587856.0,,10818655393.62,10818655320.0,13.08,70218756.0,103520,103602,1,1/1,1,U,24.54,25.1,44083883.0,0.398389,2.2819885900570602,0.44083883,108.18655394,20.82717872968982,19.94134897360702,24.54,24.54,1.4343343792021512,22.63,21.0,19.0,20.0,68,68,68,0.3088235294117647,0.27941176470588236,0.29411764705882354,True,True,1.109147149801149,24.6,25.1,0.2445,-1.9920318725099602
20260417,20260416,605060.SH,通用设备,联德股份,58.95,10.0,504018304.0,,14085536580.0,14182898400.0,3.68,96766425.0,94508,94508,0,1/1,1,U,58.95,60.0,18390000.0,0.128275,1.781170483460559,0.1839,140.85536580000002,9.85836749906821,12.93103448275863,60.18,74.0,-0.05598059339428918,53.56,29.0,48.0,37.0,68,68,68,0.4264705882352941,0.7058823529411765,0.5441176470588235,False,False,1.1202389843166543,60.22,60.0,2.1544,0.36666666666666475
20260417,20260416,605166.SH,化学纤维,聚合顺,11.13,9.98,144404180.0,,3502975396.2,3502975351.68,4.24,46069095.0,105003,105003,0,1/1,1,U,11.13,11.0,2658700.0,0.0767953,-1.1680143755615546,0.026587,35.02975396,3.727865796831309,8.058252427184476,11.13,12.22,0.09881422924902239,10.13,62.0,61.0,66.0,68,68,68,0.9117647058823529,0.8970588235294118,0.9705882352941176,False,False,1.085883514313919,11.33,11.0,1.7969,3.0000000000000004
20260417,20260416,605287.SH,装修装饰,德才股份,46.98,10.0,237458948.0,,6577200000.0,6577200000.0,3.7,106666210.0,95703,95703,0,1/1,1,U,46.98,46.88,2179920.0,0.0332143,-0.21285653469560462,0.0217992,65.772,8.248847926267278,4.214729370008863,46.98,67.94,1.9901662374151252,43.56,57.0,67.0,68.0,68,68,68,0.8382352941176471,0.9852941176470589,1.0,False,False,1.076216712580349,45.17,46.88,-3.8527,-3.647610921501708
20260417,20260416,605336.SH,厨卫电器,帅丰电器,15.65,9.98,132309261.0,,2870404842.5,2870404842.5,4.76,913960.0,132525,143516,18,1/1,1,U,15.65,15.7,3744450.0,0.130035,0.31948881789136685,0.0374445,28.70404843,2.622950819672143,-0.5085823267641398,16.1,19.3,-0.28109627547435734,14.19,42.0,47.0,63.0,68,68,68,0.6176470588235294,0.6911764705882353,0.9264705882352942,False,False,1.106412966878083,15.12,15.7,-3.3866,-3.6942675159235674
20260417,20260416,002033.SZ,旅游及景,丽江股份,10.93,9.96,1104413728.0,,6005818378.33,6005933394.72,19.49,56079818.0,130906,130906,0,2/2,2,U,10.93,10.92,53124708.0,0.885364,-0.09149130832570851,0.53124708,60.05818378,21.040974529346634,17.653390742734132,10.93,10.93,-0.1006036217303774,9.93,52.0,6.0,16.0,68,68,68,0.7647058823529411,0.08823529411764706,0.23529411764705882,False,False,1.0996978851963746,10.43,10.92,-4.5746,-4.487179487179489
20260417,20260416,002468.SZ,物流,申通快递,18.03,10.01,2307604160.0,,26453615386.98,27600362944.8,8.75,39433557.0,93354,130503,11,2/2,2,U,18.03,18.01,27675967.0,0.104737,-0.11092623405435376,0.27675967,264.53615386999996,16.172680412371143,19.009900990099005,18.03,18.03,9.823062843197071,18.0,53.0,57.0,27.0,68,68,68,0.7794117647058824,0.8382352941176471,0.39705882352941174,False,False,1.0005555555555556,17.18,18.01,-4.7144,-4.608550805108283
20260417,20260416,600683.SH,房地产开发,京投发展,10.9,9.99,261611125.0,,8074475807.3,8074475840.0,3.28,63045055.0,93105,94202,1,2/2,2,U,10.9,11.98,22260038.0,0.250831,9.908256880733934,0.22260038,80.74475807,20.176405733186332,13.305613305613328,11.47,11.47,4.944500504540872,10.4,3.0,32.0,32.0,68,68,68,0.04411764705882353,0.47058823529411764,0.47058823529411764,True,True,1.1519230769230768,11.99,11.98,10.0,0.08347245409014846
20260417,20260416,603687.SH,包装印刷,大胜达,19.84,9.98,3121749744.0,,10912632181.76,10912632340.48,28.77,26422912.0,93156,145550,62,2/2,2,U,19.84,19.38,98737224.0,0.926274,-2.318548387096775,0.98737224,109.12632182,9.251101321585908,21.049420378279436,19.84,19.84,5.3215077605321515,19.0,66.0,5.0,9.0,68,68,68,0.9705882352941176,0.07352941176470588,0.1323529411764706,False,False,1.02,19.25,19.38,-2.9738,-0.6707946336429258
20260417,20260416,605388.SH,饮料乳品,均瑶健康,8.06,9.96,463711616.0,,4839901040.0,4839901040.0,9.96,52460323.0,100042,100306,2,2/2,2,U,8.06,8.4,35763000.0,0.709011,4.218362282878418,0.35763,48.3990104,22.865853658536594,18.181818181818187,8.06,8.06,0.0,7.33,11.0,7.0,23.0,68,68,68,0.16176470588235295,0.10294117647058823,0.3382352941176471,True,True,1.1459754433833562,8.87,8.4,10.0496,5.595238095238082
20260417,20260416,002990.SZ,计算机设,盛视科技,46.32,10.0,1080677392.0,,6290191754.16,12128991032.16,17.63,43582765.0,94439,132054,7,3/3,3,U,46.32,48.07,78727411.62,1.20603,3.7780656303972426,0.7872741162000001,62.90191753999999,39.182692307692314,51.07632093933463,46.32,46.32,0.7361671811921155,42.42,13.0,2.0,13.0,68,68,68,0.19117647058823528,0.029411764705882353,0.19117647058823528,True,True,1.1331918906176333,50.95,48.07,9.9957,5.99126274183483
